CCS Medical,Preferred,Preferred,Preferred,Preferred,Preferred,
American Medical Supplies,Preferred,Preferred,Preferred,,,
Am-Med Diabetic Supplies,Preferred,Preferred,Preferred,,,
Diabetic Care Services,Preferred,Preferred,Preferred,,,
Binson's Home Health Care Centers,Preferred,Preferred,Preferred,,,
Arriva Medical,Preferred,Preferred,Preferred,,,
A1 Diabetes & Medical Supply,Preferred,Preferred,Preferred,,,
Lincare/Diabetic Experts of America,Preferred,Preferred,Preferred,,,
Med-Care Diabetic & Medical Supplies,Preferred,Preferred,Preferred,Preferred,Preferred,
HDIS Diabetes Care,Preferred,Preferred,Preferred,,,
Enteral Products,Preferred,Preferred,Preferred,,,