,,,,,,,,Formulary Status Definitions for Managed Care Grid,,,,,,,,
,,,,,,,,Preferred: Strips are covered on Tier 1 or Tier 2 at the lowest co-pay ,,,,,,,,
,,,,,,,,"Non Formulary: Strips are available on Tier 3 at an equal or greater co-pay OR not reimbursed (i.e.the plan does not pay for this drug or the individual will need to pay for it if desired). [Note, this combines the formerly known as covered and not covered].",,,,,,,,
,,,,,,,,DME: Strips are covered only through Durable Medical Equipment.,,,,,,,,
,,,,,,,,Open Access: All equally covered/same co-pay (Rx Benefit),,,,,,,,
,,,,,,,,"eVoucher: active in 16 states & 2 MSA's (AZ, CT, IA, ID, IL, IN, KS, MN, NE, NM, OK, OR, PA, TX, WA, WI, Tallahassee FL, NY Metro), ONLY works if no step edits, blocks, etc. Use this instead of ""Non Formulary"" if the plan is active where eVoucher is turned on and if there is only a co-pay differential for OT (no edits or blocks in place against OT).",,,,,,,,
,,,,,,,,,,,,,,,,
,,,,,,,,,,,,,,,,
,,,,,,NEW!! Please input LFS and competitor formulary status below using the new definitions in the table above.,,,,,,,,,,
,,,,,,,,,,,,,,,,
`,State,SAM (Name),OneTouch Ultra,OneTouch Verio,Bayer Contour,Abbott Freestyle,Roche Accu-Chek,HDI True Test,SAM/RBM  Approval (Please Type Your Name Here When Completed Reviewing Each of Your Plans),DO NOT PRINT (DNP)?,"Update 
Date (MM-DD-YYYY)",Notes,,,,
Alaska Medicaid,AK,Kirstin Aldrich,Open Access,Open Access,Open Access,Open Access,Open Access,Open Access,Kirstin Aldrich,,10/10/2013,,,,,
Alabama Medicaid,AL,Shannon Burger,Open Access,Open Access,Open Access,Open Access,Open Access,Open Access,Shannon Burger,,10/7/2013,,,,,
Blue Cross and Blue Shield of Alabama,AL,Shannon Burger,Non Formulary,Non Formulary,Preferred,Non Formulary,Preferred,Non Formulary,Shannon Burger,,10/9/2013,,,,,
Arkansas Medicaid,AR,Sara McCown,Open Access,Open Access,Open Access,Open Access,Open Access,Open Access,Sara McCown,,10/4/2013,,,,,
QualChoice,Arkansas,Susan Abraham,Preferred,Preferred,Covered,Covered,Preferred,Covered,Susan Abraham,,12/7/2012,,,,,
QualChoice,Arkansas,Susan Abraham,Preferred,Preferred,Non Formulary,Non Formulary,Preferred,Non Formulary,Susan Abraham,,12/20/2012,,,,,
Arizona Medicaid,AZ,Kirstin Aldrich,Open Access,Open Access,Open Access,Open Access,Open Access,Open Access,Kirstin Aldrich,,10/10/2013,,,,,
Arizona Physicians IPA,AZ,Susan Abraham,Preferred,Non Formulary,Non Formulary,Non Formulary,Preferred,Non Formulary,Elaine Zompolas,,10/2/2013,,,,,
BCBS OF ARIZONA,AZ,Erica Williams,Preferred,Preferred,Non Formulary,Non Formulary,Non Formulary,Non Formulary,Erica Williams,,1/1/2013,Non preferred strips are Tier 4 copay $120,,,,
Bridgeway Health Solutions,AZ,,Preferred,,Covered,Covered,Covered,Preferred,,,,,,,,
Care1st Health Plan Arizona,AZ,,Not Covered,Not Covered,Not Covered,Preferred,Not Covered,Not Covered,Erica Williams,,8/20/2012,,,,,
Humana AZ,AZ,Kevin Johnson,Preferred,Preferred,Non Formulary,Non Formulary,Preferred,Non Formulary,Kevin Johnson,,10/9/2013,Waiting on Direction from Kevin Johnson.   Medicare Non Formulary Lost to Rightsource,,,,
Medisun,AZ,,Covered,,Preferred,Covered,Preferred,Covered,,,,,,,,
Mercy Care Health Plan,AZ,Erica Williams,Preferred,Non Formulary,Non Formulary,Non Formulary,Preferred,Non Formulary,Erica Williams,,1/1/2013,,,,,
UnitedHealthcare Signature Value,"AZ, CA,CO,NV,TX, OK, WA, OR",Elaine Zompolas,Preferred,Preferred,Non Formulary,Non Formulary,Preferred,Non Formulary,Elaine Zompolas,,10/8/2013,,,,,
UnitedHealthcare Signature Value Advantage,"AZ, CA,CO,NV,TX, OK, WA, OR",Elaine Zompolas,Preferred,Preferred,Non Formulary,Non Formulary,Preferred,Non Formulary,Elaine Zompolas,,10/8/2013,,,,,
Anthem Blue Cross of California HMO and PPO,CA,Sherry Donovan,Preferred,Preferred,Non Formulary,Non Formulary,Preferred,Non Formulary,Sherry Donovan,,12/17/2012,,,,,
Blue Shield of California,CA,Erica Williams,Preferred,Preferred,Non Formulary,Non Formulary,Preferred,Non Formulary,Erica Williams,,1/1/2013,,,,,
CalOptima,CA,Erica Williams,Non Formulary,Non Formulary,Non Formulary,Non Formulary,Non Formulary,Preferred,Erica Williams,,1/1/2013,,,,,
County Medical Services Program (CMSP),CA,,Not Covered,,Not Covered,Not Covered,Preferred,Not Covered,,,8/20/2012,,,,,
Health Net,CA,Mary Dougherty,Preferred,Preferred,Non Formulary,Preferred,Non Formulary,Non Formulary,Mary Dougherty,,1/1/2014,,,,,
Los Angeles County Dept of Health Services,CA,Erica Williams,Preferred,Non Formulary,Non Formulary,Non Formulary,Non Formulary,Non Formulary,Erica Williams,,1/1/2013,,,,,
Medi-Cal,CA,Kirstin Aldrich,Covered,,Covered,Covered,Covered,Covered,Kirstin Aldrich,,12/18/2012,"OTVIQ Not Covered; Medi-Cal DOES NOT allow any Mfr to claim ""Preferred"" . Must only say  either ""Covered"" or ""Allowed"" or something like that.",,,,
San Diego County Medical Services,CA,,Not Covered,,Preferred,Not Covered,Not Covered,Covered,,,8/20/2012,,,,,
SCAN,CA,Sherry Donovan,Not Covered,Not Covered,Not Covered,Preferred,Not Covered,Not Covered,Sherry Donovan,,10/24/2013,,,,,
Anthem BCBS Colorado,CO,Misty Seidl & Elyse Brasseale,Preferred,Preferred,Non Formulary,Non Formulary,Preferred,Non Formulary,Lance Moore,,10/9/2013,,,,,
Colorado Medicaid,CO,Kirstin Aldrich,Open Access,Open Access,Open Access,Open Access,Open Access,Open Access,Kirstin Aldrich,,10/10/2013,,,,,
Rocky Mountain HMO,CO,Mike Stauffer,Preferred,Preferred,Preferred,Non Formulary,Non Formulary,Non Formulary,Mary Dougherty,,1/1/2014,,,,,
Anthem BCBS Connecticut,CT,Marlene Wolf,Preferred,Preferred,Non Formulary,Non Formulary,Preferred,Non Formulary,Lance Moore,,10/9/2013,,,,,
ConnectiCare,CT,,Non Formulary,Non Formulary,Non Formulary,Preferred,Preferred,Non Formulary,,,12.07.12,,,,,
ConnectiCare VIP Medicare,CT,,Open Access,Open Access,Open Access,Open Access,Open Access,Open Access,Diane Sullivan,,12.18.12,,,,,
State of Connecticut Employees,CT,Elyse Brasseale,Preferred,Preferred,Covered,Covered,Preferred,Covered,Elyse Brasseale,,10/18/2013,,,,,
DC Medicaid,DC,Mark Niemeyer,DME,DME,DME,Preferred,Preferred,DME,Mark Niemeyer,,10/4/2013,,,,,
Diamond Plan (Coventry),DC,Diane Sullivan,Preferred,Preferred,Non Formulary,Non Formulary,Non Formulary,Non Formulary,Diane Sullivan,,10/1/2103,VERIO IQ meter/strips NOW preferred on formulary as of 9/1! Please change for all coventry!,,,,
BlueCross BlueShield of DE,DE,Anthony Portuesi,Preferred,Preferred,Non Formulary,Preferred,Non Formulary,Non Formulary,Mark Niemeyer,,10/4/2013,Highmark added Verio 11/1/12,,,,
Coventry Advantra DE,DE,Maureen Whelan,Preferred,Preferred,Non Formulary,Non Formulary,Non Formulary,Non Formulary,Maureen Whelan,,10/9/2013,Mgd Medicare Advantra Edits for Sole Source Jan 14 - No longer Verio Prior Auth.  Same Copay for All,,,,
Coventry Health Care of Delaware,DE,Maureen Whelan,Preferred,Preferred,Non Formulary,Non Formulary,Non Formulary,Non Formulary,Maureen Whelan,,10/9/2013,Mgd Medicare Advantra Edits for Sole Source Jan 14 - No longer Verio Prior Auth.  Same Copay for All,,,,
DE Medicaid,DE,Mark Niemeyer,Non Formulary,Non Formulary,Non Formulary,Preferred,Non Formulary,Non Formulary,Mark Niemeyer,,10/4/2013,,,,,
BCBS of Florida - Blue Options,FL,Lori Price,Preferred,Preferred,Preferred,Non Formulary,Non Formulary,Non Formulary,L. Price,,1/1/2014,,,,,
BCBS of Florida - Health Options,FL,Lori Price,Preferred,Preferred,Covered,Non Formulary,Non Formulary,Non Formulary,L. Price,,1.1.2014,,,,,
BlueCross BlueShield of Florida (PPO),FL,Lori Price,Preferred,Preferred,Preferred,Non Formulary,Non Formulary,Non Formulary,L. Price,,1.1.2014,,,,,
Capital Health Plan,FL,Susan Abraham,Preferred,Preferred,Covered,Covered,Preferred,Covered,Susan Abraham,,12/7/2012,,,,,
Capital Health Plan,FL,Susan Abraham,Preferred,Preferred,Non Formulary,Non Formulary,Preferred,Non Formulary,Susan Abraham,,12/7/2012,,,,,
CarePlus Health Plans Inc.,FL,Alan Hoffman,Open Access,Open Access,Open Access,Open Access,Open Access,Open Access,AJH,,12/6/2013,,,,,
Coventry Advantra Florida,FL,Maureen Whelan,Preferred,Preferred,Non Formulary,Non Formulary,Non Formulary,Non Formulary,Maureen Whelan,,10/16/2013,Florida ONLY State not using NDC block to push SoleSource in Medicare.  Pushing Nipro.    Verio no longer requires prior auth,,,,
Coventry Health Care of Florida,FL,Maureen Whelan,Preferred,Preferred,Non Formulary,Non Formulary,Non Formulary,Non Formulary,Maureen Whelan,,10/9/2013,"Mged Medicaid Sole Source LFS, Mgd Medicare Advantra Edits for Sole Source Jan 14 - No longer Verio Prior Auth Same Copyay.  Summitt Plan is Large Mged Medicare which Edits will not apply.  Push nipro",,,,
FL Medicaid,FL,Lori Price,Open Access,Open Access,Open Access,Open Access,Open Access,Open Access,L. Price,,1.1.2014,,,,,
Florida Blue,FL,Lori Price,Preferred,Preferred,Preferred,Non Formulary,Non Formulary,Non Formulary,L. Price,,1/1/2014,,,,,
Medica Healthcare Plans Inc,FL,L. Price,Preferred,,Preferred,Preferred,Preferred,Preferred,L.  Price,DNP,1.1.2014,,,,,
Neighborhood Health Partnership (UHC)),FL,Karen Szydlik,Preferred,Preferred,Non Formulary,Non Formulary,Preferred,Non Formulary,Elaine Zompolas,,10/2/2013,,,,,
Vista Health Care (Coventry),FL,,Preferred,Preferred,Not Covered,Not Covered,Not Covered,Not Covered,Susan Abraham,,12/7/2012,"Mike P. - per your conversation with Kevin, Verio is preferred only if a member is on insulin",,,,
Vista Health Care (Coventry),FL,,Preferred,Preferred,Non Formulary,Non Formulary,Non Formulary,Non Formulary,Susan Abraham,,12/7/2012,"Mike P. - per your conversation with Kevin, Verio is preferred only if a member is on insulin",,,,
BCBS of Georgia (Anthem),GA,Lori Price,Preferred,Preferred,Non Formulary,Non Formulary,Preferred,Non Formulary,L. Price,,1.1.2014,,,,,
Coventry Advantra GA,GA,Maureen Whelan,Preferred,Preferred,Non Formulary,Non Formulary,Non Formulary,Non Formulary,Maureen Whelan,,10/9/2013,Mgd Medicare Advantra Edits for Sole Source Jan 14 - No longer Verio Prior Auth.  Same Copay for All,,,,
Coventry Health Care of Georgia,GA,Maureen Whelan,Preferred,Preferred,Non Formulary,Non Formulary,Non Formulary,Non Formulary,Maureen Whelan,,10/9/2013,Mgd Medicare Advantra Edits for Sole Source Jan 14 - No longer Verio Prior Auth.  Same Copay for All,,,,
State Health Benefit Plan (Georgia),GA,Lori Price,Preferred,,Covered,Covered,Preferred,Covered,L. Price,,1.1.2014,,,,,
Hawaii Medicaid,HI,Kirstin Aldrich,Open Access,Open Access,Open Access,Open Access,Open Access,Open Access,Kirstin Aldrich,,10/10/2013,,,,,
HMSA - BlueCross BlueShield of Hawaii,HI,Sherry Donovan,Preferred,,Covered,Preferred,Covered,Covered,Sherry Donovan,,10/24/2013,HMSA Mg. Medicaid is sole source Bayer,,,,
Coventry Health Care of Iowa,IA,Maureen Whelan,Preferred,Preferred,Non Formulary,Non Formulary,Non Formulary,Non Formulary,Maureen Whelan,,10/9/2013,Mgd Medicare Advantra Edits for Sole Source Jan 14 - No longer Verio Prior Auth.  Same Copay for All,,,,
Iowa Medicaid,IA,Sara McCown,Non Formulary,Non Formulary,Non Formulary,Preferred,Non Formulary,Non Formulary,Sara McCown,,10/4/2013,,,,,
Wellmark BlueCross BlueShield of Iowa,IA,Sara McCown,Preferred,eVoucher,Non Formulary,Non Formulary,Preferred,Non Formulary,Sara McCown,,10/4/2013,,,,,
UnitedHealthcare of the River Valley,"IA, IL, TN, VA",Susan Abraham,Preferred,Preferred,Non Formulary,Non Formulary,Preferred,Non Formulary,Elaine Zompolas,,10/2/2013,,,,,
Blue Cross of Idaho,ID,Mary Dougherty,Preferred,Preferred,Non Formulary,Non Formulary,Preferred,Non Formulary,Mary Dougherty,,1/1/2014,,,,,
Idaho Medicaid,ID,Kirstin Aldrich,Open Access,Open Access,Open Access,Open Access,Open Access,Open Access,Kirstin Aldrich,,10/10/2013,,,,,
Regence Blue Shield of Idaho,ID,Mary Dougherty,DME,DME,Preferred,Non Formulary,Non Formulary,Non Formulary,Mary Dougherty,,1/1/2014,PA for pumpers,,,,
Coventry Health Care of Illinois (PersonalCare),IL,Maureen Whelan,Preferred,Preferred,Non Formulary,Non Formulary,Non Formulary,Non Formulary,Maureen Whelan,,10/9/2013,Mgd Medicare Advantra Edits for Sole Source Jan 14 - No longer Verio Prior Auth.  Same Copay for All,,,,
Heritage,IL,,Preferred,,Covered,Preferred,Covered,Covered,,,,,,,,
Illinois Medicaid,IL,Kirstin Aldrich,Preferred,Non Formulary,Non Formulary,Non Formulary,Non Formulary,Non Formulary,Kirstin Aldrich,,10/10/2013,,,,,
Unicare Health Plans of the Midwest.,IL,,Preferred,,Covered,Covered,Preferred,Covered,,,,,,,,
BlueCross BlueShield of Illinois,"IL, IN, WI",Sara McCown,Non Formulary,Non Formulary,Preferred,Non Formulary,Preferred,Non Formulary,Sara McCown,,10/4/2013,Step edit for non-preferred,,,,
Anthem BCBS Indiana,IN,Kevin Johnson,Preferred,Preferred,Non Formulary,Non Formulary,Preferred,Non Formulary,Keviin Johnson,,10/9/2013,,,,,
Indiana Medicaid,IN,Kevin Johnson,Non Formulary,Non Formulary,Non Formulary,Preferred,Preferred,Non Formulary,Kirstin Aldrich,,10/10/2013,,,,,
Managed Health Services - Indiana,IN,Kevin Johnson,Not Covered,,Covered,Covered,Covered,Covered,MJD,DNP,3/15/2012,,,,,
PHP of Northern Indiana,IN,,Preferred,,Preferred,Covered,Covered,Covered,Mary Jo DeFlorio,,3/15/2012,,,,,
SIHO Insurance Services,IN,,Preferred,Preferred,Non Formulary,Non Formulary,Preferred,Non Formulary,,,,,,,,
Welborn,IN,,Preferred,,Preferred,Covered,Covered,Covered,,,,,,,,
BlueCross BlueShield of Kansas,KS,Not assigned,Covered,,Preferred,Covered,Preferred,Covered,,,03.14.12,,,,,
Community Health Plan,KS,,Preferred,,Covered,Covered,Preferred,Covered,Mike Stauffer,,1/1/2013,,,,,
Coventry Health Care of Kansas,KS,Maureen Whelan,Preferred,Preferred,Non Formulary,Non Formulary,Non Formulary,Non Formulary,Maureen Whelan,,10/9/2013,Mgd Medicare Advantra Edits for Sole Source Jan 14 - No longer Verio Prior Auth.  Same Copay for All,,,,
Kansas Medicaid,KS,Sara McCown,Open Access,Open Access,Open Access,Open Access,Open Access,Open Access,Sara McCown,,10/4/2013,,,,,
Preferred Health Systems (Coventry Health Care of KS),KS,Maureen Whelan,Preferred,Preferred,Non Formulary,Non Formulary,Non Formulary,Non Formulary,Maureen Whelan,,10/9/2013,Mgd Medicare Advantra Edits for Sole Source Jan 14 - No longer Verio Prior Auth.  Same Copay for All,,,,
Preferred Plus of Kansas,KS,,Covered,,Preferred,Covered,Preferred,Covered,Mike Stauffer,,8/20/2012,,,,,
Anthem BCBS Kentucky,KY,Misty Seidl & Elyse Brasseale,Preferred,Preferred,Non Formulary,Non Formulary,Preferred,Non Formulary,Lance Moore,,10/9/2013,,,,,
Bluegrass Family Health Kentucky PPO,KY,Jennifer Dayrit,Preferred,Non Formulary,Preferred,Non Formulary,Non Formulary,Non Formulary,Jennifer Dayrit,,10.10.13,,,,,
Commonwealth of Kentucky,KY,Jennifer Dayrit,Preferred,Preferred,Non Formulary,Non Formulary,Preferred,Non Formulary,Jennifer Dayrit,,10.10.13,"As of Jan 14, ESI National Preferred, Sole Source LFS, All others Non Formulary",,,,
CoventryCares of Kentucky   (Medicaid Only),KY,Maureen Whelan,Preferred,Preferred,Non Formulary,Non Formulary,Non Formulary,Non Formulary,Maureen Whelan,,10/9/2013,State of KY has 5 Mged Medicaid Plans.   Coventry Cares is LFS Sole Source- Verio no longer Prior Auth.  Same Copay for All,,,,
Kentucky Medicaid,KY,Kevin Johnson,Preferred,Non Formulary,Non Formulary,Preferred,Preferred,Non Formulary,Kirstin Aldrich,,10/10/2013,,,,,
Coventry Health Care of Louisiana,LA,Maureen Whelan,Preferred,Preferred,Non Formulary,Non Formulary,Non Formulary,Non Formulary,Maureen Whelan,,10/9/2013,Mgd Medicare Advantra Edits for Sole Source Jan 14 - No longer Verio Prior Auth.  Same Copay for All,,,,
Humana (Ochsner Health Plan),LA,Shannon Burger,Preferred,Preferred,Non Formulary,Non Formulary,Preferred,Non Formulary,Shannon Burger,,10/17/2013,,,,,
LA Medicaid,LA,Shannon Burger,Open Access,Open Access,Open Access,Open Access,Open Access,Open Access,Shannon Burger,,10/7/2013,,,,,
Oschner (Hospital system),LA,,Preferred,,,,Preferred,,Mike Olgin,DNP,8/22/2012,Hosptial System - Please remove,,,,
Script Care,LA,Shannon Burger,Preferred,Preferred,Non Formulary,Covered,Preferred,Non Formulary,Shannon Burger,,10/17/2013,,,,,
Tenet 65,LA,Roy Benke,Preferred,,Preferred,Preferred,Preferred,Covered,Mike Olgin,DNP,8/22/2012,,,,,
BlueCross BlueShield of Massachusetts,MA,Diane Sullivan,Preferred,Preferred,Non Formulary,Non Formulary,Preferred,Non Formulary,Diane Sullivan,,10/1/2103,,,,,
BMC HealthNet,MA,,DME,DME,DME,Preferred,DME,DME,,,10/1/2103,,,,,
Celticare Health Plan,MA,,Non Formulary,Non Formulary,Non Formulary,Non Formulary,Non Formulary,Preferred,Diane Sullivan,DNP,10/1/2103,,,,,
Commonwealth of Mass (UniCare State Indemnity Plans),MA,Diane Sullivan,Preferred,Preferred,Non Formulary,Non Formulary,Preferred,Non Formulary,Diane Sullivan,,10/1/2103,,,,,
Fallon Community Health Plan,MA,Diane Sullivan,Preferred,Preferred,Non Formulary,Non Formulary,Non Formulary,Non Formulary,Diane Sullivan,,10/1/2103,,,,,
Harvard Pilgrim HealthPlan,MA,Diane Sullivan,Non Formulary,Non Formulary,Non Formulary,Preferred,Non Formulary,Non Formulary,Diane Sullivan,,10/1/2013,,,,,
Health New England,MA,Diane Sullivan,DME,DME,DME,Preferred,DME,DME,Diane Sullivan,,10/1/2013,,,,,
MA Medicaid (MassHealth),MA,Alan Meizlik,DME,DME,DME,Preferred,DME,DME,Alan Meizlik,,12/18/2012,,,,,
Neighborhood Health Plan of MA,MA,Diane Sullivan,Non Formulary,Non Formulary,Non Formulary,Preferred,Non Formulary,Non Formulary,Diane Sullivan,,10/1/2013,,,,,
Network Health Plan of MA,MA,Diane Sullivan,DME,DME,DME,DME,DME,Preferred,Diane Sullivan,,10/1/2013,,,,,
Tufts Health Plan,MA,Diane Sullivan,Preferred,Preferred,Non Formulary,Non Formulary,Preferred,Non Formulary,Diane Sullivan,,10/1/2013,,,,,
Maryland Medicaid,MD,Mark Niemeyer,Open Access,Open Access,Open Access,Open Access,Open Access,Open Access,Mark Niemeyer,,10/4/2013,,,,,
MD Physicians Care (Managed Medicaid),MD,Mark Niemeyer,Preferred,Non Formulary,Non Formulary,Non Formulary,Preferred,Non Formulary,Mark Niemeyer,,10/4/2013,Managed Medicaid,,,,
CareFirst BlueCross BlueShield,"MD, DC, VA, PA",Mark Niemeyer,Preferred,Preferred,Non Formulary,Non Formulary,Non Formulary,Non Formulary,Mark Niemeyer,,10/4/2013,Sole OT 07/01/13,,,,
Anthem BCBS Maine,ME,Misty Seidl & Elyse Brasseale,Preferred,Preferred,Non Formulary,Non Formulary,Preferred,Non Formulary,Lance Moore,,10/9/2013,,,,,
Maine Medicaid (MaineCare),ME,Alan Meizlik,Preferred,Non Formulary,Non Formulary,Preferred,Non Formulary,Non Formulary,Alan Meizlik,,12/18/2012,,,,,
State of Maine Employees,ME,Diane Sullivan,Preferred,Preferred,Non Formulary,Preferred,Non Formulary,Non Formulary,Diane Sullivan,,10/1/2013,,,,,
BCBS of MI,MI,Mary Jo DeFlorio,Open Access,Open Access,Open Access,Open Access,Open Access,Open Access,Mary Jo DeFlorio,,12/9/2012,,,,,
BCN Blue Care Network,MI,Mary Jo DeFlorio,Preferred,Non Formulary,Covered,Not Covered,Preferred,Not Covered,Mary Jo DeFlorio,,12/10/2012,,,,,
Blue Cross Blue Shield of MI,MI,Mary Jo DeFlorio,Covered,Open Access,Covered,Covered,Covered,Covered,MJD,,12/10/2012,,,,,
HAP / Henry Ford,MI,Mary Jo DeFlorio,Covered,,Covered,Covered,Covered,Covered,MJD,,8/22/2012,,,,,
Health Plus of Michigan,MI,Mary Jo DeFlorio,Preferred,,Covered,Covered,Covered,Covered,MJD,,3/15/2012,,,,,
Michigan Medicaid,MI,Kevin Johnson,DME,DME,DME,DME,DME,DME,Kevin Johnson,,10/10/2013,,,,,
OmniCare Health Plan - Coventry Health Care of Michigan (Medicaid Only),MI,Maureen Whelan,Preferred,Preferred,Non Formulary,Non Formulary,Non Formulary,Non Formulary,Maureen Whelan,,10/9/2013,"Medicaid Only Plan - Mged Medicaid Sole Source LFS, Mgd Medicare Advantra Edits for Sole Source Jan 14 - No longer Verio Prior Auth Same Copyay.  ",,,,
Physician's Health Plan,MI,Mary Jo DeFlorio,Preferred,,Covered,Covered,Covered,Covered,Mary Jo DeFlorio,,8/22/2012,Lowest co-pay,,,,
Priority Health,MI,Mary Jo DeFlorio,Preferred,,Covered,Covered,Preferred,Covered,Mary Jo DeFlorio,,8/22/2012,,,,,
Sparrow Health System ,MI,Mary Jo DeFlorio,Preferred,,,,,,MJD/David Francis ,,22-Aug,,,,,
St.John Health Plan,MI,,Preferred,,Covered,Covered,Covered,Covered,MJD/David Francis,,8/22/2012,,,,,
Washtanaw Health Plan A & B ,MI ,Mary Jo DeFlorio,Preferred,,,,,,MJD/David Francis ,DNP,22-Aug,,,,,
BCBS of Minnesota,MN,Matt Lawrence,eVoucher,eVoucher,Preferred,Non Formulary,Preferred,Non Formulary,Matt Lawrence,,10/2/2013,Updated,,,,
HealthPartners,MN,Matt Lawrence,Non Formulary,Non Formulary,Non Formulary,Non Formulary,Preferred,Preferred,Matt Lawrence,,10/2/2013,Updated,,,,
Medica Health Plan,MN,Matt Lawrence,Non Formulary,Non Formulary,Preferred,Non Formulary,Preferred,Non Formulary,Matt Lawrence,,10/2/2013,Updated,,,,
Minnesota Medicaid,MN,Kirstin Aldrich,Preferred,Preferred,Non Formulary,Non Formulary,Preferred,Non Formulary,Matt Lawrence,,10/10/2013,This change is effective 01/01/14,,,,
Preferred One,MN,Matt Lawrence,eVoucher,eVoucher,Preferred,Non Formulary,Non Formulary,Non Formulary,Matt Lawrence,,10/2/2013,Updated,,,,
Ucare,MN,Matt Lawrence,Preferred,Preferred,Preferred,Not Covered,Not Covered,Not Covered,Matt Lawrence,,10/2/2013,Updated,,,,
Anthem BCBS Missouri,MO,Misty Seidl & Elyse Brasseale,Preferred,Preferred,Non Formulary,Non Formulary,Preferred,Non Formulary,Lance Moore,,10/9/2013,,,,,
Coventry Health Care of Missouri,MO,Maureen Whelan,Preferred,Preferred,Non Formulary,Non Formulary,Non Formulary,Non Formulary,Maureen Whelan,,10/9/2013,"Mged Medicaid Sole Source LFS, Mgd Medicare Advantra Edits for Sole Source Jan 14 - No longer Verio Prior Auth Same Copyay.  Summitt Plan is Large Mged Medicare which Edits will not apply.  Push nipro",,,,
Mercy Health Plan - Coventry Health Care of Missouri,MO,Maureen Whelan,Preferred,Preferred,Non Formulary,Non Formulary,Non Formulary,Non Formulary,Maureen Whelan,,10/9/2013,"Mged Medicaid Sole Source LFS, Mgd Medicare Advantra Edits for Sole Source Jan 14 - No longer Verio Prior Auth Same Copyay.  Summitt Plan is Large Mged Medicare which Edits will not apply.  Push nipro",,,,
Missouri Medicaid,MO,Sara McCown,Preferred,Non Formulary,Non Formulary,Preferred,Preferred,Non Formulary,Sara McCown,,10/4/2013,,,,,
BCBS of Kansas City,"MO, KS",Sara McCown,Preferred,Preferred,Non Formulary,Non Formulary,Preferred,Non Formulary,Sara McCown,,10/4/2013,,,,,
BCBS of Mississippi,MS,Shannon Burger,Preferred,Preferred,Preferred,Non Formulary,Non Formulary,Non Formulary,Shannon Burger,,10/9/2013,,,,,
CIGNA of MS EPO: Please remove,MS,Steve Maragakes,Preferred,,Covered,Covered,Preferred,Covered,Steve Maragakes,DNP,10/1/2013,Please remove this account,,,,
Mississippi Medicaid,MS,Shannon Burger,Open Access,Open Access,Open Access,Open Access,Open Access,Open Access,Shannon Burger,,10/3/2013,,,,,
BCBS of Montana,MT,Maureen Whelan,Preferred,Preferred,Non Formulary,Non Formulary,Preferred,Non Formulary,Mary Dougherty,,10/23/2013,,,,,
Montana Medicaid,MT,Kirstin Aldrich,Open Access,Open Access,Open Access,Open Access,Open Access,Open Access,Kirstin Aldrich,,10/10/2013,,,,,
New West Health Services,MT,,Preferred,,Covered,Covered,Preferred,Covered,Mary Dougherty,,8/22/2012,,,,,
AARP® MedicareComplete® SecureHorizons®,National,Elaine Zompolas,Preferred,Preferred,Open Access,Open Access,Preferred,Open Access,,DNP,1/1/2013,,,,,
AARP®MedicareComplete®,National,Elaine Zompolas,Preferred,Preferred,Open Access,Open Access,Preferred,Open Access,,DNP,1/1/2013,,,,,
AdvancePCS,National,Gary Kong,Preferred,Preferred,Non Formulary,Non Formulary,Preferred,Non Formulary,Gary Kong,,10/9/2013,,,,,
Advantra (Coventry),National,Diane Sullivan,Preferred,Preferred,Non Formulary,Non Formulary,Non Formulary,Non Formulary,Diane Sullivan,,10/1/2013,,,,,
Aetna Pharmacy Management,National,Steve Maragakes,Preferred,Preferred,Non Formulary,Preferred,Non Formulary,Non Formulary,Steve Maragakes,,10/1/2013,,,,,
Aetna Rx Home Delivery,National,Steve Maragakes,Preferred,Preferred,Non Formulary,Preferred,Non Formulary,Non Formulary,Steve Maragakes,,10/1/2013,,,,,
Amerigroup,National,Lori Price,Non Formulary,Non Formulary,Non Formulary,Non Formulary,Non Formulary,Preferred,L. Price,DNP,1.1.2014,Will roll up to WellPoint in 2014,,,,
Anthem Medicaid,National,Lance Moore,Non Formulary,Non Formulary,Preferred,Non Formulary,Non Formulary,Non Formulary,Lance Moore,,10/9/2013,,,,,
Caremark,National,Gary Kong,Preferred,Preferred,Non Formulary,Non Formulary,Preferred,Non Formulary,Gary Kong,,10/9/2013,,,,,
Catalyst Rx,National,Karen Roddy,Preferred,Preferred,Non Formulary,Non Formulary,Preferred,Non Formulary,Karen Roddy,,12/17/2012,,,,,
Catalyst Rx,National,Karen Roddy ,Preferred,Preferred,Non Formulary,Non Formulary,Preferred,Non Formulary,Karen Roddy,,12/17/2012,,,,,
CIGNA ,National,Steve Maragakes,Preferred,Preferred,Non Formulary,Non Formulary,Preferred,Non Formulary,Steve Maragakes,,10/1/2013,,,,,
CIGNA Home Delivery,National,Steve Maragakes,Preferred,Preferred,Non Formulary,Non Formulary,Preferred,Non Formulary,Steve Maragakes,,10/1/2013,,,,,
Coventry Health Care,National,Diane Sullivan,Preferred,Preferred,Non Formulary,Non Formulary,Non Formulary,Non Formulary,Diane Sullivan,,10/1/2013,,,,,
Erickson Advantage® ,National,Erica Williams,Preferred,Preferred,Open Access,Open Access,Preferred,Open Access,Erica Williams,,1/1/2013,,,,,
Evercare®,National,Elaine Zompolas,Preferred,Preferred,Open Access,Open Access,Preferred,Open Access,,DNP,1/1/2013,,,,,
"Express Scripts, Inc",National,Deb Podgurski,Preferred,Preferred,Non Formulary,Non Formulary,Preferred,Non Formulary,Debra Podgurski,,12/17/2012,Verio added to ESI National Forumlary 1/1/13,,,,
Federal Employee Health Plan BCBSA (FEP),National,Mark Niemeyer,Preferred,Preferred,Non Formulary,Non Formulary,Preferred,Non Formulary,Mark Niemeyer,,12/7/2012,Per the CMK formulary and adjudication via agreement with the BCBSA.,,,,
HealthTrans,National,NA,Preferred,,Covered,Covered,Preferred,Covered,,,7/19/2012,,,,,
Humana Gold (Medicare),National,Alan Hoffman,Open Access,Open Access,Open Access,Open Access,Open Access,Non Formulary,AJH,,12/6/2013,,,,,
"Humana, Inc.  (National)",National,Alan Hoffman,Preferred,Preferred,Non Formulary,Non Formulary,Preferred,Non Formulary,AJH,,12/6/2013,,,,,
Medco,National,Karen Roddy,Preferred,Preferred,Non Formulary,Non Formulary,Preferred,Non Formulary,Karen Roddy,,12/17/2012,,,,,
Medicare Part B,National,Kirstin Aldrich,Covered,Covered,Open Access,Covered,Covered,Covered,Kirstin Aldrich,,10/23/2013,,,,,
MedImpact,National,Sherry Donovan,Non Formulary,Non Formulary,Preferred,Preferred,Non Formulary,Non Formulary,Mary Dougherty,,1/1/2014,,,,,
National Medical Health Card Systems,National,,Preferred,,Covered,Covered,Preferred,Covered,Beth Keyt,DNP,,,,,,
OptumRx National Formulary,National,Elaine Zompolas,Preferred,Preferred,Non Formulary,Non Formulary,Preferred,Non Formulary,Elaine Zompolas,,10/23/2013,,,,,
Prime Therapeutics National ,National,Matt Lawrence,Preferred,Preferred,Non Formulary,Non Formulary,Preferred,Non Formulary,Matt Lawrence,,10/2/2013,Updated,,,,
Restat,National,Alan Hoffman,Preferred,Preferred,Non Formulary,Non Formulary,Preferred,Non Formulary,AJH,,12/6/2013,,,,,
Sav-Rx,National,Matt Lawrence,Preferred,Preferred,Non Formulary,Non Formulary,Non Formulary,Non Formulary,Matt Lawrence,,10/23/2013,,,,,
TRICARE,National,Kirstin Aldrich,Non Formulary,,Preferred,Preferred,Preferred,Preferred,Kirstin Aldrich,,10/23/2013,,,,,
UnitedHealthcare Employer & Individual (Commercial),National,Elaine Zompolas,Preferred,Preferred,Non Formulary,Non Formulary,Preferred,Non Formulary,Elaine Zompolas,,10/2/2013,,,,,
UnitedHealthcare Community Plan,National,Elaine Zompolas,Preferred,Non Formulary,Non Formulary,Non Formulary,Preferred,Non Formulary,Elaine Zompolas,,10/8/2013,,,,,
UnitedHealthcare®  MedicareDirect™ Rx ,National,Elaine Zompolas,Preferred,Preferred,Open Access,Open Access,Preferred,Open Access,,DNP,1/1/2013,,,,,
UnitedHealthcare® MedicareComplete®,National,Elaine Zompolas,Preferred,Preferred,Open Access,Open Access,Preferred,Open Access,,DNP,1/1/2013,,,,,
Walgreens Health Initiative,National,,Preferred,,Covered,Covered,Preferred,Covered,Mary Jo DeFlorio,DNP,3/15/2012,,,,,
Wellcare,National,Shannon Burger,Non Formulary,Non Formulary,Non Formulary,Preferred,Preferred,Non Formulary,Shannon Burger,,10/24/2013,Manged Medicaid and MAPD,,,,
WellPoint,National,Lance Moore,Preferred,Preferred,Non Formulary,Non Formulary,Preferred,Non Formulary,Lance Moore,,10/9/2013,,,,,
Wellpoint Medicaid - BlueChoice,National,Lance Moore,Non Formulary,Non Formulary,Preferred,Non Formulary,Non Formulary,Non Formulary,Lance Moore,,10/9/2013,,,,,
BlueCross BlueShield of North Carolina,NC,Lori Price,Preferred,Preferred,Preferred,Non Formulary,Non Formulary,Non Formulary,L. Price,,1.1.2014,,,,,
North Carolina Medicaid,NC,Lori Price,Non Formulary,Non Formulary,Non Formulary,Non Formulary,Preferred,Non Formulary,L. Price,,1.1.2014,LIFSCAN PUMP PATIENTS  ARE COVERED ,,,,
North Carolina State Employees & Teachers,NC,Lori Price,Preferred,Preferred,Non Formulary,Non Formulary,Preferred,Non Formulary,L. Price,,1.1.2014,,,,,
WellPath (Coventry),NC,Diane Sullivan,Preferred,Preferred,Non Formulary,Non Formulary,Non Formulary,Non Formulary,Diane Sullivan,,10/1/2013,,,,,h
Coventry Health Care of the Carolinas,"NC, SC",Maureen Whelan,Preferred,Preferred,Non Formulary,Non Formulary,Non Formulary,Non Formulary,Maureen Whelan,,10/9/2013,Mgd Medicare Advantra Edits for Sole Source Jan 14 - No longer Verio Prior Auth.  Same Copay for All,,,,
BCBS North Dakota,ND,Alan Hoffman,Preferred,Preferred,Non Formulary,Non Formulary,Preferred,Non Formulary,AJH,,12/6/2013,,,,,
BlueCross BlueShield of Nebraska,NE,Matt Lawrence,Non Formulary,Non Formulary,Preferred,Non Formulary,Preferred,Non Formulary,Matt Lawrence,DNP,10/18/2013,,,,,
Coventry Health Care of Nebraska,NE,Maureen Whelan,Preferred,Preferred,Non Formulary,Non Formulary,Non Formulary,Non Formulary,Maureen Whelan,,10/9/2013,"Mged Medicaid Sole Source LFS, Mgd Medicare Advantra Edits for Sole Source Jan 14 - No longer Verio Prior Auth.  Same Copay for All",,,,
CoventryCares of Nebraska  (Mged Medicaid),NE,Maureen Whelan,Preferred,Preferred,Non Formulary,Non Formulary,Non Formulary,Non Formulary,Maureen Whelan,,10/9/2013,"Mged Medicaid Sole Source LFS, Mgd Medicare Advantra Edits for Sole Source Jan 14 - No longer Verio Prior Auth.  Same Copay for All",,,,
Nebraska Medicaid,NE,Matt Lawrence,Open Access,Open Access,Open Access,Open Access,Open Access,Open Access,Kirstin Aldrich,,10/10/2013,,,,,
Anthem BCBS New Hampshire,NH,Misty Seidl & Elyse Brasseale,Preferred,Preferred,Non Formulary,Non Formulary,Preferred,Non Formulary,Lance Moore,,10/9/2013,,,,,
New Hampshire,NH,Alan Meizlik,DME,DME,DME,Preferred,Preferred,DME,Alan Meizlik,,12/18/2012,,,,,
Benecard,NJ,Mike Olivieri,Preferred,Preferred,Non Formulary,Non Formulary,Preferred,Non Formulary,Mike Olivieri,DNP,12/9/2012,,,,,
Centene,NJ,Sara McCown,Non Formulary,Non Formulary,Non Formulary,Non Formulary,Non Formulary,Preferred,Sara McCown,DNP,10/4/2013,,,,,
Horizon BlueCross BlueShield of New Jersey,NJ,Mark Niemeyer,Preferred,Preferred,Non Formulary,Non Formulary,Preferred,Non Formulary,Mark Niemeyer,,10/4/2013,,,,,
Horizon NJ Health,NJ,Mark Niemeyer,Preferred,Preferred,Non Formulary,Non Formulary,Preferred,Non Formulary,Mark Niemeyer,,10/4/2013,Manged Medicaid: Verio added 10/01/2013,,,,
New Jersey Medicaid,NJ,Mark Niemeyer,Open Access,Open Access,Open Access,Open Access,Open Access,Open Access,Mark Niemeyer,,10/4/2013,,,,,
University Health Plan,NJ,Boyd Woolsey,Not Covered,,Not Covered,Not Covered,Not Covered,Preferred,Boyd Woolsey,,8/21/2012,,,,,
Blue Cross BlueShield of New Mexico,NM,Mike Stauffer,Non Formulary,Non Formulary,Preferred,Covered,Preferred,Covered,Mike Stauffer,,10/23/2013,Step edit for non-preferred,,,,
HMO Blue - subsidiary of BCBS of New Mexico,NM,Mike Stauffer,Non Formulary,Non Formulary,Preferred,Covered,Preferred,Covered,Mike Stauffer,,10/23/2013,Step edit for non-preferred,,,,
New Mexico Medicaid,NM,Mike Stauffer,Open Access,Open Access,Open Access,Open Access,Open Access,Open Access,Mike Stauffer,,10/23/2013,,,,,
Anthem BCBS Nevada,NV,Misty Seidl & Elyse Brasseale,Preferred,Preferred,Non Formulary,Non Formulary,Preferred,Non Formulary,Lance Moore,,10/9/2013,,,,,
Health Plan of Nevada,NV,Erica Williams,Preferred,Preferred,Non Formulary,Non Formulary,Preferred,Non Formulary,Erica Williams,,1/1/2013,,,,,
Hometown Health Plan,NV,Mike Stauffer,Preferred,Non Formulary,Preferred,Non Formulary,Non Formulary,Non Formulary,Mike Stauffer,,10/23/2013,,,,,
Nevada Medicaid,NV,Mike Stauffer,Preferred,Non Formulary,Not Covered,Preferred,Not Covered,Not Covered,Mike Stauffer,,10/10/2013,OTVIQ Covered with P.A.,,,,
Senior Dimensions,NV,Erica Williams,Preferred,Preferred,Open Access,Open Access,Preferred,Open Access,Erica Williams,,1/1/2013,,,,,
Sierra Health and Life,NV,Mike Stauffer,Preferred,Preferred,Non Formulary,Non Formulary,Preferred,Non Formulary,Elaine Zompolas,,10/23/2013,,,,,
Smartchoice NV,NV,Erica Williams,Preferred,Non Formulary,Non Formulary,Non Formulary,Preferred,Non Formulary,Erica Williams,DNP,1/1/2013,,,,,
1199 SEIU,NY,Tele Sales,Covered,Covered,Preferred,Covered,Preferred,Covered,Mike Olivieri,,12/9/2012,,,,,
Amida Care (MM),NY,,DME,DME,Preferred,Preferred,DME,DME,Mike Olivieri,,12/9/2012,,,,,
Empire BCBS (Anthem),NY,Marlene Wolf,Preferred,Preferred,Non Formulary,Non Formulary,Preferred,Non Formulary,Marlene Wolf,,10/9/2013,,,,,
Excellus BlueCross BlueShield,NY,Anthony Portuesi,Preferred,Preferred,Non Formulary,Preferred,Non Formulary,Non Formulary,Anthony Portuesi,,10/7/2013,,,,,
Excellus FLRx,NY,Anthony Portuesi,Preferred,Preferred,Non Formulary,Preferred,Non Formulary,Non Formulary,Anthony Portuesi,,10/7/2013,,,,,
Excellus Managed Medicaid,NY,Anthony Portuesi,Non Formulary,Non Formulary,Non Formulary,Preferred,Non Formulary,Non Formulary,Anthony Portuesi,,10/7/2013,,,,,
Excellus Univera Healthcare,NY,Anthony Portuesi,Preferred,Preferred,Non Formulary,Preferred,Non Formulary,Non Formulary,Anthony Portuesi,,10/7/2013,,,,,
Independent Health (IHA),NY,Anthony Portuesi,Preferred,Preferred,Non Formulary,Non Formulary,Preferred,Non Formulary,Anthony Portuesi,,10/7/2013,,,,,
Independent Health (IHA) Managed Medicaid,NY,Anthony Portuesi,Preferred,Preferred,Non Formulary,Preferred,Non Formulary,Non Formulary,Anthony Portuesi,,10/7/2013,,,,,
MVP Health Care Managed Medicaid,NY,Marlene Wolff,Preferred,Preferred,Non Formulary,Non Formulary,Preferred,Non Formulary,Marlene Wolff,,10/24/2013,,,,,
NY Presbyterian System Select Health (MM),NY,,DME,DME,DME,DME,DME,Preferred,Mike Olivieri,,12/9/2012,,,,,
Total Care (MM),NY,,Preferred,Preferred,Preferred,Preferred,DME,DME,Mike Olivieri,,12/9/2012,,,,,
Univera Community Health (MM),NY,,Preferred,Preferred,Non Formulary,Non Formulary,Preferred,Non Formulary,Mike Olivieri,,12/9/2012,,,,,
Wellcare Health Plan (MM),NY,,DME,DME,DME,Preferred,Preferred,DME,Mike Olivieri,,12/9/2012,,,,,
Oxford Health Plan,"NY, CT, NJ",Karen Szydlik,Preferred,Preferred,Non Formulary,Non Formulary,Preferred,Non Formulary,Elaine Zompolas,,10/2/2013,,,,,
Anthem BCBS Ohio,OH,Kevin Johnson,Preferred,Preferred,Non Formulary,Non Formulary,Preferred,Non Formulary,Kevin Johnson,,10/9/2013,,,,,
AultCare,OH,Jennifer Dayrit,Preferred,Preferred,Preferred,Non Formulary,Non Formulary,Non Formulary,Jennifer Dayrit,,10.10.13,,,,,
Buckeye Health Plan,OH,,Not Covered,,Not Covered,Not Covered,Not Covered,Preferred,AJH,DNP,3/12/2012,This is a centene plan.  Remove,,,,
Humana OH,OH,Kevin Johnson,Preferred,Preferred,Non Formulary,Non Formulary,Preferred,Non Formulary,Mary Jo DeFlorio,,12/10/2012,,,,,
Medmutal,OH,Kevin Johnson,Preferred,,Not Covered,Not Covered,Preferred,Not Covered,Mary Jo DeFlorio,,1/10/2012,,,,,
Ohio Medicaid,OH,Kevin Johnson,Non Formulary,Non Formulary,Non Formulary,Preferred,Non Formulary,Preferred,Kirstin Aldrich,,10/10/2013,RFP issued in January with restricted PDL in Q2 2013,,,,
CareSource,"OH, MI",Kevin Johnson,Non Formulary,Non Formulary,Non Formulary,Preferred,Non Formulary,Non Formulary,Chris Metcalf,DNP,12/6/2012,,,,,
The HealthPlan,"OH, WV",Anthony Portuesi,Preferred,Preferred,Non Formulary,Non Formulary,Non Formulary,Non Formulary,Anthony Portuesi,,10/7/2013,,,,,
BlueCross BlueShield of OK,OK,Sara McCown,Non Formulary,Non Formulary,Preferred,Non Formulary,Preferred,Non Formulary,Sara McCown,,10/4/2013,Step edit for non-preferred,,,,
Oklahoma Medicaid,OK,Sara McCown,Open Access,Open Access,Open Access,Open Access,Open Access,Open Access,Sara McCown,,10/4/2013,,,,,
SelectCare of Oklahoma,OK,,Covered,,Preferred,Covered,Preferred,Covered,Mike Olgin,DNP,8/22/2012,,,,,
LifeWise OR,OR,Mary Dougherty,Preferred,Preferred,Non Formulary,Preferred,Non Formulary,Non Formulary,Mary Dougherty,,1/1/2014,,,,,
Oregon Medicaid,OR,Kirstin Aldrich,Open Access,Open Access,Open Access,Open Access,Open Access,Open Access,Kirstin Aldrich,,10/10/2013,,,,,
PacificSource,OR,Maureen Whelan,Preferred,Preferred,Non Formulary,Non Formulary,Preferred,Non Formulary,Maureen Whelan,,10/9/2013,"Still Unknown - they are going with CM's Template formularies for OR, ID, MT.   Not sure if LFS preferred",,,,
Providence Home Medical Equipment,OR,,Preferred,Preferred,Non Formulary,Non Formulary,Preferred,Non Formulary,Mary Dougherty,,1/1/2014,,,,,
Regence BCBS Oregon,OR,Mary Dougherty,DME,DME,Preferred,Non Formulary,Non Formulary,Non Formulary,Mary Dougherty,,1/1/2014,PA for pumpers,,,,
Moda Health,"OR, WA",Mary Dougherty,DME,DME,Preferred,Preferred,Non Formulary,Non Formulary,Mary Dougherty,,1/1/2014,,,,,
Aetna Better Health,PA,Steve Maragakes,Preferred,Non Formulary,Non Formulary,Non Formulary,Preferred,Non Formulary,Steve Maragakes,,10/1/2013,ABH is Medicaid; differs from Commercial coverage,,,,
Amerihealth (Keystone) Mercy,PA,Mark Niemeyer,Non Formulary,Non Formulary,Preferred,Preferred,Non Formulary,Non Formulary,Mark Niemeyer,,10/4/2013,,,,,
BC of Northeast Pennsylvania (NEPA),PA,Anthony Portuesi,Non Formulary,Non Formulary,Preferred,Preferred,Non Formulary,Non Formulary,Anthony Portuesi,,10/7/2013,,,,,
Capital Blue Cross,PA,Mark Niemeyer,Preferred,Preferred,Preferred,Non Formulary,Non Formulary,Non Formulary,Mark Niemeyer,,10/4/2013,,,,,
CoventryCares of Pennsylvania,PA,Maureen Whelan,Preferred,Preferred,Non Formulary,Non Formulary,Non Formulary,Non Formulary,Maureen Whelan,,10/9/2013,"Mged Medicaid Sole Source LFS, Mgd Medicare Advantra Edits for Sole Source Jan 14 - No longer Verio Prior Auth.  Same Copay for All",,,,
Gateway Health Plan,PA,Anthony Portuesi,DME,Non Formulary,Non Formulary,Preferred,Non Formulary,Non Formulary,Anthony Portuesi,,10/7/2013,"Drive Ultra through preferred DME Providers (Edgepark, Byram, Liberty)",,,,
Geisinger Health Plan,PA,Anthony Portuesi,Preferred,Preferred,Non Formulary,Non Formulary,Non Formulary,Non Formulary,Anthony Portuesi,,10/7/2013,,,,,
Geisinger Health Plan Managed Medicaid,PA,Anthony Portuesi,Preferred,Preferred,Non Formulary,Non Formulary,Non Formulary,Non Formulary,Anthony Portuesi,,10/7/2013,,,,,
Health Partners of Philadelphia,PA,Not assigned,Non Formulary,Non Formulary,Preferred,Non Formulary,Non Formulary,Non Formulary,Mark Niemeyer,,10/4/2013,,,,,
HealthAmerica Advantra Pennsylvania (Coventry Health Care of PA),PA,Maureen Whelan,Preferred,Preferred,Non Formulary,Non Formulary,Non Formulary,Non Formulary,Maureen Whelan,,10/9/2013,"Mged Medicaid Sole Source LFS, Mgd Medicare Advantra Edits for Sole Source Jan 14 - No longer Verio Prior Auth.  Same Copay for All",,,,
HealthAmerica Pennsylvania (Coventry Health Care of  PA),PA,Maureen Whelan,Preferred,Preferred,Non Formulary,Non Formulary,Non Formulary,Non Formulary,Maureen Whelan,,10/9/2013,"Mged Medicaid Sole Source LFS, Mgd Medicare Advantra Edits for Sole Source Jan 14 - No longer Verio Prior Auth.  Same Copay for All",,,,
HealthAssurance Pennsylvania (Coventry Health Care of PA),PA,Maureen Whelan,Preferred,Preferred,Non Formulary,Non Formulary,Non Formulary,Non Formulary,Maureen Whelan,,10/9/2013,"Mged Medicaid Sole Source LFS, Mgd Medicare Advantra Edits for Sole Source Jan 14 - No longer Verio Prior Auth.  Same Copay for All",,,,
Highmark,PA,Anthony Portuesi,Preferred,Preferred,Non Formulary,Preferred,Non Formulary,Non Formulary,Anthony Portuesi,,10/7/2013,Verio added 11/1/12,,,,
Highmark,PA,Anthony Portuesi,Preferred,Preferred,Non Formulary,Preferred,Non Formulary,Non Formulary,Anthony Portuesi,,10/7/2013,Duplicate,,,,
PA Employee Benefit Trust,PA,,Preferred,Preferred,Non Formulary,Non Formulary,Preferred,Non Formulary,,,,Caremark,,,,
Pennsylvania Medicaid,PA,Anthony Portuesi,Preferred,DME,DME,Preferred,DME,DME,Anthony Portuesi,,10/23/2013,,,,,
UPMC Health Plan,PA,Anthony Portuesi,Preferred,Preferred,Preferred,Non Formulary,Non Formulary,Non Formulary,Anthony Portuesi,,10/7/2013,,,,,
Independence Blue Cross,"PA, NJ, DE",Mark Niemeyer,DME,DME,Preferred,Preferred,DME,DME,Mark Niemeyer,,10/4/2013,,,,,
BlueCross BlueShield of Rhode Island,RI,Diane Sullivan,Preferred,Preferred,Non Formulary,Non Formulary,Non Formulary,Non Formulary,Diane Sullivan,,10/1/2013,Sole Source!,,,,
Neighborhood Health Plan of RI ,RI,Diane Sullivan,DME,DME,DME,DME,Preferred,DME,Diane Sullivan,,10/1/2013,,,,,
Rhode Island,RI,Diane Sullivan,Open Access,Open Access,Open Access,Open Access,Open Access,Open Access,Alan Meizlik,,12/18/2012,,,,,
UnitedHealthcare RiteCare,RI,Elaine Zompolas,Preferred,Non Formulary,Non Formulary,Non Formulary,Preferred,Non Formulary,Elaine Zompolas,,10/2/2013,,,,,
BlueChoice Health Plan SC,SC,Lori Price,Preferred,Preferred,Non Formulary,Non Formulary,Preferred,Non Formulary,L. Price,,1/1/2014,,,,,
BlueCross BlueShield of South Carolina,SC,Lori Price,Preferred,Preferred,Non Formulary,Non Formulary,Preferred,Non Formulary,L. Price,,1.1.2014,,,,,
CoventryOne South Carolina,SC,Diane Sullivan,Preferred,Preferred,Non Formulary,Non Formulary,Non Formulary,Non Formulary,Diane Sullivan,,10/1/2103,,,,,
SC State Health Plan,SC,Lori Price,Preferred,Preferred,Preferred,Preferred,Preferred,Preferred,L. Price,,1.1.2014,,,,,
South Carolina Medicaid,SC,Lori Price,Preferred,Preferred,DME,Preferred,Preferred,DME,L. Price,,1.1.2014,,,,,
Dakotacare (Commercial Plans),SD,Jennifer Dayrit,Non Formulary,Non Formulary,Preferred,Non Formulary,Preferred,Non Formulary,Jennifer Dayrit,DNP,10.10.13,State of SD Employees are sole-source Bayer.,,,,
Sanford Health Plan,SD,Matt Lawrence,Preferred,Preferred,Non Formulary,Non Formulary,Preferred,Non Formulary,Matt Lawrence,,10/18/2013, ,,,,
Wellmark BCBS of South Dakota,SD,Sara McCown,Preferred,eVoucher,Non Formulary,Non Formulary,Preferred,Non Formulary,Mike Stauffer,,10/23/2013,,,,,
BlueCross BlueShield Tennessee,TN,Shannon Burger,Non Formulary,Non Formulary,Preferred,Non Formulary,Preferred,Non Formulary,Shannon Burger,DNP,10/7/2013,,,,,
TennCare,TN,Shannon Burger,Non Formulary,Non Formulary,Non Formulary,Preferred,Non Formulary,Non Formulary,Shannon Burger,DNP,10/7/2013,LiFSCAN PUMP PATIENTS  ARE COVERED,,,,
HealthSpring,"TN, TX",Shannon Burger,Non Formulary,Non Formulary,Preferred,Preferred,Non Formulary,Non Formulary,Shannon Burger,,10/17/2013,,,,,
BlueCross BlueShield of TX,TX,Shannon Burger,Non Formulary,Non Formulary,Preferred,Covered,Preferred,Covered,Shannon Burger,DNP,10/7/2013,Step edit for non-preferred,,,,
Driscoll Health Plan,TX,Shannon Burger,Open Access,Open Access,Open Access,Open Access,Open Access,Open Access,Shannon Burger,,10/17/2013,PBM - Express Scripts,,,,
FirstCare,TX,Susan Abraham,Preferred,Preferred,Covered,Covered,Covered,Preferred,Susan Abraham,,12/7/2012,Just added,,,,
FirstCare,TX,Susan Abraham,Preferred,Preferred,Non Formulary,Non Formulary,Non Formulary,Preferred,Susan Abraham,,12/20/2012,Just added,,,,
Physicians Health Choice,TX,,Covered,,Covered,Covered,Covered,Covered,Mike Olgin,DNP,8/22/2012,,,,,
Scott & White,TX,Shannon Burger,DME,DME,DME,DME,Preferred,DME,Shannon Burger,,10/7/2013,,,,,
Script Care,TX,Shannon Burger,Preferred,Preferred,Non Formulary,Preferred,Preferred,Non Formulary,Shannon Burger,,10/17/2013,,,,,
SelectCare of Texas (Texan Plus),TX,,Covered,,Preferred,Covered,Preferred,Covered,Mike Olgin,DNP,8/22/2012,,,,,
Texas Medicaid,TX,Shannon Burger,Open Access,Open Access,Open Access,Open Access,Open Access,Open Access,Shannon Burger,,10/7/2013,,,,,
TexasFirst Health Plans,TX,,Covered,,Preferred,Covered,Preferred,Covered,,,,,,,,
Altius Health Plan - Coventry Utah,UT,Maureen Whelan,Preferred,Preferred,Non Formulary,Non Formulary,Non Formulary,Non Formulary,Maureen Whelan,,10/9/2013,Mgd Medicare Advantra Edits for Sole Source Jan 14 - No longer Verio Prior Auth.  Same Copay for All,,,,
PEHP,UT,,DME,DME,Not Covered,Preferred,Not Covered,Not Covered,,,1/1/2013,,,,,
Regence BCBS Utah,UT,Mary Dougherty,DME,DME,Preferred,Non Formulary,Non Formulary,Non Formulary,Mary Dougherty,,1/1/2014,PA for pumpers,,,,
Select Health,UT,Mike Stauffer,Non Formulary,Non Formulary,Non Formulary,Preferred,Non Formulary,Non Formulary,Mike Stauffer,,10/23/2013,,,,,
Altius Health Plan (Coventry),UT ,Diane Sullivan,Preferred,Preferred,Non Formulary,Non Formulary,Non Formulary,Non Formulary,Diane Sullivan,,10/1/2013,,,,,
Utah Medicaid,UT ,Mike Stauffer,DME,DME,Preferred,Preferred,DME,DME,Mike Stauffer,,10/10/2013,,,,,
Union Pacific,"UT, CO, AZ",Mike Stauffer,Non Formulary,Non Formulary,Non Formulary,Non Formulary,Non Formulary,Preferred,Mike Stauffer,,10/23/2013,,,,,
Anthem BCBS Virginia,VA,Mark Niemeyer,Preferred,Preferred,Non Formulary,Non Formulary,Preferred,Non Formulary,Mark Niemeyer,,10/4/2013,,,,,
Carenet  (Coventry VA Mged Medicaid),VA,Maureen Whelan,Preferred,Preferred,Non Formulary,Non Formulary,Non Formulary,Non Formulary,Maureen Whelan,,10/9/2013,"Mged Medicaid Sole Source LFS, Mgd Medicare Advantra Edits for Sole Source Jan 14 - No longer Verio Prior Auth.  Same Copay for All",,,,
Optima Health,VA,Lori Price,Open Access,Open Access,Open Access,Open Access,Open Access,Open Access,L. Price,DNP,1.1.2014,,,,,
Southern Health (Coventry Health Care of VA),VA,Maureen Whelan,Preferred,Preferred,Non Formulary,Non Formulary,Non Formulary,Non Formulary,Maureen Whelan,,10/9/2013,"Mged Medicaid Sole Source LFS, Mgd Medicare Advantra Edits for Sole Source Jan 14 - No longer Verio Prior Auth.  Same Copay for All",,,,
Virginia Medicaid,VA,Mark Niemeyer,Open Access,Open Access,Open Access,Open Access,Open Access,Open Access,Mark Niemeyer,,10/4/2013,,,,,
Virginia Premier,VA,Not assigned,Non Formulary,Non Formulary,Preferred,Non Formulary,Non Formulary,Non Formulary,Mark Niemeyer,,10/14/2013,Managed Medicaid,,,,
BlueCross BlueShield of Vermont,VT,Diane Sullivan,Preferred,Preferred,Non Formulary,Preferred,Non Formulary,Non Formulary,Diane Sullivan,,10/1/2103,,,,,
Vermont Medicaid,VT,Diane Sullivan,Preferred,DME,DME,Preferred,DME,DME,Alan Meizlik,,12/18/2012,,,,,
UPMC,W.VA,Anthony Portuesi,Preferred,Preferred,Preferred,Non Formulary,Non Formulary,Non Formulary,Anthony Portuesi,,10/7/2013,,,,,
Community Health Plan of Washington,WA,Mary Dougherty,Non Formulary,Non Formulary,Non Formulary,Non Formulary,Non Formulary,Preferred,Mary Dougherty,,1/1/2014,PA for pumpers,,,,
Kitsap Physician Services,WA,Mary Dougherty,Preferred,Preferred,Preferred,Non Formulary,Non Formulary,Non Formulary,Mary Dougherty,,1/1/2014,,,,,
Premera Blue Cross,WA,Mary Dougherty,Preferred,Preferred,Non Formulary,Preferred,Non Formulary,Non Formulary,Mary Dougherty,,1/1/2014,,,,,
Regence Blue Shield Washington,WA,Mary Dougherty,DME,DME,Preferred,Non Formulary,Non Formulary,Preferred,Mary Dougherty,,1/1/2014,PA for pumpers,,,,
Washington Medicaid,WA,Kirstin Aldrich,Open Access,Open Access,Open Access,Open Access,Open Access,Open Access,Kirstin Aldrich,,10/10/2013,,,,,
Providence Health Plan,WA OR,Mary Dougherty,Preferred,Preferred,Non Formulary,Non Formulary,Preferred,Non Formulary,Mary Dougherty,,1/1/2014,,,,,
Anthem BCBS Wisconsin,WI,Misty Seidl & Elyse Brasseale,Preferred,Preferred,Non Formulary,Non Formulary,Preferred,Non Formulary,Lance Moore,,10/9/2013,,,,,
Dean Health Plan,WI,Kevin Johnson,Non Formulary,Non Formulary,Non Formulary,Preferred,Preferred,Non Formulary,AJH,,12/6/2013,,,,,
Humana WI,WI,Kevin Johnson,Preferred,Preferred,Non Formulary,Non Formulary,Preferred,Non Formulary,Kevin Johnson,,10/9/2013,Waiting on Direction from Kevin Johnson.   Medicare Non Formulary Lost to Rightsource,,,,
Managed Health Services - Wisconsin,WI,Kevin Johnson,Preferred,,Covered,Covered,Covered,Preferred,,DNP,,,,,,
Network Health Plan,WI,Jennifer Dayrit,Preferred,Non Formulary,Non Formulary,Non Formulary,Preferred,Non Formulary,Jennifer Dayrit,,10.10.13,,,,,
Physicians Plus Wisconsin,WI,Kevin Johnson,Preferred,,Covered,Covered,Preferred,Covered,MJD,,8/22/2012,,,,,
Security Health Plan,WI,Kevin Johnson,Preferred,,Not Covered,Not Covered,Preferred,Not Covered,Mary Jo DeFlorio,,8/22/2012,,,,,
WEA Trust ,WI,Jennifer Dayrit,Non Formulary,Non Formulary,Preferred,Preferred,Non Formulary,Non Formulary,Jennifer Dayrit,DNP,10.10.13,"Note that those on LFS/Roche prior to 7/1/13 still have preferred coverage, $0 co-pay",,,,
Wisconsin Medicaid,WI,Kevin Johnson,Preferred,Preferred,Non Formulary,Preferred,Preferred,Non Formulary,Kirstin Aldrich,,10/10/2013,,,,,
Navitus (PBM),"WI, TX, MN",Alan Hoffman,Non Formulary,Non Formulary,Non Formulary,Preferred,Preferred,Non Formulary,AJH,,12/6/2013,,,,,
Carelink Health Plan (Coventry Health Care of West Virginia),WV,Maureen Whelan,Preferred,Preferred,Non Formulary,Non Formulary,Non Formulary,Non Formulary,Maureen Whelan,,10/9/2013,"Mged Medicaid Sole Source LFS, Mgd Medicare Advantra Edits for Sole Source Jan 14 - No longer Verio Prior Auth.  Same Copay for All",,,,
West Virginia Medicaid,WV,Mark Niemeyer,Open Access,Open Access,Open Access,Open Access,Open Access,Open Access,Mark Niemeyer,,10/4/2013,,,,,
BCBS Wyoming,WY,,Non Formulary,Non Formulary,Preferred,Non Formulary,Non Formulary,Non Formulary,Mary Dougherty,,1/1/2014,,,,,
Wyoming Medicaid,WY,Kirstin Aldrich,Preferred,Non Formulary,DME,Preferred,DME,DME,Kirstin Aldrich,,10/10/2013,OTVIQ Covered with P.A.,,,,
,,,,,,,,,,,10/18/2013,,,,,
WellPoint MAPD,National,Lance Moore,Preferred,Preferred,Non Formulary,Non Formulary,Non Formulary,Non Formulary,Lance Moore,,10/1/2013,,,,,
Emblem Health (HIP of NY/GHI),NY,Marlene Wolff,DME,DME,Non Formulary,Preferred,Non Formulary,Non Formulary,Marlene Wolff,DNP,10/1/2013,,,,,
Connecticare,CT,Marlene Wolff,DME,DME,Non Formulary,Preferred,Non Formulary,Non Formulary,Marlene Wolff,DNP,10/1/2013,,,,,
Healthfirst,NY,Marlene Wolff,DME,DME,Preferred,Non Formulary,Non Formulary,Non Formulary,Marlene Wolff,DNP,10/9/2013,,,,,
MVP - Mohawk Valley Plan,NY,Marlene Wolff,Preferred,Preferred,Non Formulary,Non Formulary,Preferred,Non Formulary,Marlene Wolff,,10/9/2013,,,,,
BCBS Western NY/Eastern NY/HealthNow,NY,Marlene Wolff,Preferred,Preferred,Non Formulary,Non Formulary,Preferred,Non Formulary,Marlene Wolff,,10/9/2013,,,,,
CDPHP - Capital District Physicians Health Plan,NY,Marlene Wolff,DME,DME,Preferred,Non Formulary,Non Formulary,Non Formulary,Marlene Wolff,DNP,10/9/2013,,,,,
Metro Plus Health (MM),NY,Marlene Wolff,DME,DME,Non Formulary,Non Formulary,Non Formulary,Preferred,Marlene Wolff,DNP,10/9/2013,,,,,
Affinity Health Plan (MM),NY,Marlene Wolff,DME,DME,Non Formulary,Non Formulary,Non Formulary,Preferred,Marlene Wolff,DNP,10/9/2013,,,,,
HeallthPlus (MM),NY,Marlene Wolff,DME,DME,Non Formulary,Non Formulary,Non Formulary,Preferred,Marlene Wolff,DNP,10/9/2013,,,,,
NY State Medicaid,NY,Marlene Wolff,Preferred,Preferred,Preferred,Preferred,Non Formulary,Non Formulary,Marlene Wolff,,10/9/2013,,,,,
CT State Medicaid,CT,Marlene Wolff,Open Access,Open Access,Open Access,Open Access,Open Access,Open Access,Marlene Wolff,,10/9/2013,,,,,
Fidelis (MM),NY,Marlene Wolff,DME,DME,Non Formulary,Non Formulary,Non Formulary,Preferred,Marlene Wolff,DNP,10/9/2013,,,,,
Hudson Health Plan (MM),NY,Marlene Wolff,Preferred,Preferred,Non Formulary,Non Formulary,Preferred,Non Formulary,Marlene Wolff,,10/9/2013,,,,,
BlueCross BlueShield of Western New York,NY,Marlene Wolff,Preferred,Preferred,Non Formulary,Non Formulary,Preferred,Non Formulary,Marlene Wolff,,10/23/2013,,,,,
BlueCross BlueShield of Western NY Medicaid,NY,Marlene Wolff,Preferred,Preferred,Non Formulary,Non Formulary,Preferred,Non Formulary,Marlene Wolff,,10/23/2013,,,,,
BlueShield of Northeastern New York,NY,Marlene Wolff,Preferred,Preferred,Non Formulary,Non Formulary,Preferred,Non Formulary,Marlene Wolff,,10/23/2013,,,,,
BlueShield of Northeastern NY Medicaid,NY,Marlene Wolff,Preferred,Preferred,Non Formulary,Non Formulary,Preferred,Non Formulary,Marlene Wolff,,10/23/2013,,,,,
